num_topics,coherence_score
5,0.4491481150400056
7,0.46184350586491163
10,0.4352042160767667
