num_topics,coherence_score
5,0.4519717950770013
7,0.45249990983488736
10,0.4581124698678205
