num_topics,coherence_score
5,0.5577501764646914
7,0.4598529347868953
10,0.4752582914634611
