{
  "metrics": {
    "degree_centrality": {
      "tsunami": 0.14285714285714285,
      "gempa": 0.21428571428571427,
      "rusia": 0.17857142857142855,
      "longsor": 0.10714285714285714,
      "banjir": 0.17857142857142855,
      "bmkg": 0.14285714285714285,
      "vaksin": 0.3571428571428571,
      "ukraina": 0.10714285714285714,
      "perang": 0.2857142857142857,
      "amerika": 0.5,
      "israel": 0.3571428571428571,
      "hamas": 0.17857142857142855,
      "rumah sakit": 0.2857142857142857,
      "palestina": 0.17857142857142855,
      "gaza": 0.17857142857142855,
      "virus": 0.3571428571428571,
      "obat": 0.3214285714285714,
      "covid": 0.3571428571428571,
      "bencana": 0.25,
      "pandemi": 0.25,
      "as": 0.3571428571428571,
      "kemenkes": 0.25,
      "kesehatan": 0.39285714285714285,
      "who": 0.3214285714285714,
      "gunung": 0.17857142857142855,
      "erupsi": 0.07142857142857142,
      "ivermectin": 0.0,
      "china": 0.14285714285714285,
      "rs": 0.21428571428571427
    },
    "betweenness_centrality": {
      "tsunami": 0.0006613756613756613,
      "gempa": 0.004409171075837742,
      "rusia": 0.007848324514991182,
      "longsor": 0.0,
      "banjir": 0.0024250440917107582,
      "bmkg": 0.0006613756613756613,
      "vaksin": 0.009166017697763729,
      "ukraina": 0.0,
      "perang": 0.026041785962420873,
      "amerika": 0.10352218328408803,
      "israel": 0.0512749375844614,
      "hamas": 0.00170087114531559,
      "rumah sakit": 0.04259593287371064,
      "palestina": 0.00170087114531559,
      "gaza": 0.005943028165250387,
      "virus": 0.008356715301159744,
      "obat": 0.005637726471059803,
      "covid": 0.009166017697763729,
      "bencana": 0.013668430335097,
      "pandemi": 0.0009700176366843033,
      "as": 0.0640673553371966,
      "kemenkes": 0.0,
      "kesehatan": 0.014791051100574909,
      "who": 0.004253800285546317,
      "gunung": 0.004629629629629629,
      "erupsi": 0.0,
      "ivermectin": 0.0,
      "china": 0.0012125220458553791,
      "rs": 0.0015392015392015391
    },
    "eigenvector_centrality": {
      "tsunami": 1.107033838105066e-06,
      "gempa": 1.4651455618379317e-06,
      "rusia": 0.08320681713464473,
      "longsor": 8.821351156149366e-07,
      "banjir": 1.2784874343824037e-06,
      "bmkg": 1.0977646757131179e-06,
      "vaksin": 0.3093171851466001,
      "ukraina": 0.03920510380043423,
      "perang": 0.12088907275036795,
      "amerika": 0.35366068884957513,
      "israel": 0.1490990407015775,
      "hamas": 0.07332464937174174,
      "rumah sakit": 0.19560015191513186,
      "palestina": 0.07332464937174174,
      "gaza": 0.06795896032798897,
      "virus": 0.30395149610284733,
      "obat": 0.2801684832808332,
      "covid": 0.3093171851466001,
      "bencana": 1.5622019076321804e-06,
      "pandemi": 0.2380460353269172,
      "as": 0.2493052086625372,
      "kemenkes": 0.24147162939457167,
      "kesehatan": 0.3288595325084944,
      "who": 0.2901626786222329,
      "gunung": 1.2239740885850714e-06,
      "erupsi": 5.708030473610251e-07,
      "ivermectin": 2.4574645333885547e-24,
      "china": 0.086753947573933,
      "rs": 0.19171922209470474
    },
    "pagerank": {
      "tsunami": 0.03411684615176158,
      "gempa": 0.041710557694538145,
      "rusia": 0.0210914794392005,
      "longsor": 0.016680755743683596,
      "banjir": 0.039347364113245666,
      "bmkg": 0.020240437112008333,
      "vaksin": 0.0654246425886934,
      "ukraina": 0.01597419264293831,
      "perang": 0.030636490129268636,
      "amerika": 0.04556367437495522,
      "israel": 0.058495276257706244,
      "hamas": 0.020556346337632748,
      "rumah sakit": 0.021085227855023786,
      "palestina": 0.04032158588985958,
      "gaza": 0.02800256612122688,
      "virus": 0.0492864810716885,
      "obat": 0.030681861567592266,
      "covid": 0.06054707313615499,
      "bencana": 0.0765378067651026,
      "pandemi": 0.033869850406094464,
      "as": 0.024024482547411234,
      "kemenkes": 0.017401779614545292,
      "kesehatan": 0.07163528340648445,
      "who": 0.04791426806406086,
      "gunung": 0.03844855323424949,
      "erupsi": 0.017109508670312915,
      "ivermectin": 0.005328596802841919,
      "china": 0.012437086893979793,
      "rs": 0.015529925367738659
    }
  },
  "community_map": {
    "as": 0,
    "gaza": 0,
    "amerika": 0,
    "palestina": 0,
    "rumah sakit": 0,
    "hamas": 0,
    "israel": 0,
    "ukraina": 0,
    "perang": 0,
    "rusia": 0,
    "china": 0,
    "kesehatan": 1,
    "pandemi": 1,
    "virus": 1,
    "kemenkes": 1,
    "rs": 1,
    "covid": 1,
    "who": 1,
    "obat": 1,
    "vaksin": 1,
    "bmkg": 2,
    "gunung": 2,
    "erupsi": 2,
    "tsunami": 2,
    "banjir": 2,
    "bencana": 2,
    "gempa": 2,
    "longsor": 2,
    "ivermectin": 3
  },
  "stats": {
    "total_documents": 1449,
    "documents_with_entities": 590,
    "unique_entities": 29,
    "total_edges": 96,
    "network_density": 0.23645320197044334,
    "num_communities": 4
  }
}