{
  "metrics": {
    "degree_centrality": {
      "transfer": 0.38888888888888884,
      "facebook": 0.8055555555555555,
      "bank": 0.5833333333333333,
      "bni": 0.4722222222222222,
      "undian": 0.4722222222222222,
      "gratis": 0.6944444444444444,
      "promo": 0.2777777777777778,
      "whatsapp": 0.6666666666666666,
      "instagram": 0.6388888888888888,
      "dana": 0.5,
      "tiktok": 0.5833333333333333,
      "loker": 0.3333333333333333,
      "pertamina": 0.2777777777777778,
      "penipuan": 0.861111111111111,
      "akun palsu": 0.25,
      "modus": 0.6944444444444444,
      "rekening": 0.5555555555555556,
      "hadiah": 0.611111111111111,
      "lowongan": 0.5,
      "giveaway": 0.25,
      "mandiri": 0.4444444444444444,
      "kartu": 0.5,
      "pulsa": 0.08333333333333333,
      "bri": 0.41666666666666663,
      "saldo": 0.25,
      "bpjs": 0.4722222222222222,
      "rekrutmen": 0.3611111111111111,
      "bumn": 0.3055555555555555,
      "pln": 0.05555555555555555,
      "bca": 0.19444444444444442,
      "gopay": 0.0,
      "ovo": 0.0,
      "penipu": 0.1388888888888889,
      "kuota": 0.1111111111111111,
      "bansos": 0.16666666666666666,
      "blt": 0.0,
      "cpns": 0.027777777777777776
    },
    "betweenness_centrality": {
      "transfer": 0.0026723541009255293,
      "facebook": 0.06850850486188834,
      "bank": 0.011685802362494089,
      "bni": 0.00678908532291991,
      "undian": 0.004841820437058533,
      "gratis": 0.06080196745610279,
      "promo": 0.00035757892900750043,
      "whatsapp": 0.027941060842063346,
      "instagram": 0.02582465872566123,
      "dana": 0.013868897045588779,
      "tiktok": 0.018829233515950308,
      "loker": 0.0006734006734006734,
      "pertamina": 0.004377104377104376,
      "penipuan": 0.11038681174019518,
      "akun palsu": 0.0001221001221001221,
      "modus": 0.03851417379612868,
      "rekening": 0.010781292410365092,
      "hadiah": 0.01496496587975285,
      "lowongan": 0.06472101972101972,
      "giveaway": 0.0,
      "mandiri": 0.00383934987318446,
      "kartu": 0.008346578465626085,
      "pulsa": 0.0,
      "bri": 0.005435452183572485,
      "saldo": 0.0,
      "bpjs": 0.007408094550951694,
      "rekrutmen": 0.014657898956144569,
      "bumn": 0.0005291005291005291,
      "pln": 0.0,
      "bca": 0.0,
      "gopay": 0.0,
      "ovo": 0.0,
      "penipu": 0.0,
      "kuota": 0.0,
      "bansos": 0.00010582010582010582,
      "blt": 0.0,
      "cpns": 0.0
    },
    "eigenvector_centrality": {
      "transfer": 0.1600040718495832,
      "facebook": 0.26561101674081067,
      "bank": 0.2254710198132183,
      "bni": 0.18032772123382754,
      "undian": 0.18856337839344944,
      "gratis": 0.24347342946058836,
      "promo": 0.12216223565823074,
      "whatsapp": 0.24029510591555103,
      "instagram": 0.2310939610758254,
      "dana": 0.19009015112659614,
      "tiktok": 0.21818706442889735,
      "loker": 0.13278671739864112,
      "pertamina": 0.09897445262539743,
      "penipuan": 0.2722902363727328,
      "akun palsu": 0.11246738117153042,
      "modus": 0.24153623479051203,
      "rekening": 0.214068771951501,
      "hadiah": 0.23141622404055714,
      "lowongan": 0.17872861780186175,
      "giveaway": 0.11482958849289086,
      "mandiri": 0.1829157970643571,
      "kartu": 0.2005854095914488,
      "pulsa": 0.030030445345469947,
      "bri": 0.15881779698957726,
      "saldo": 0.1103927485815503,
      "bpjs": 0.18639608811881905,
      "rekrutmen": 0.13385341638708514,
      "bumn": 0.12149023317105448,
      "pln": 0.02060259267745592,
      "bca": 0.07829968826958508,
      "gopay": 2.6164781474529943e-14,
      "ovo": 2.6164781474529943e-14,
      "penipu": 0.06605777747785743,
      "kuota": 0.0551762584145282,
      "bansos": 0.07279212262476696,
      "blt": 2.6164781474529943e-14,
      "cpns": 0.009758866978613423
    },
    "pagerank": {
      "transfer": 0.02312171149831987,
      "facebook": 0.08364559344799931,
      "bank": 0.06088434210339316,
      "bni": 0.01973908569306091,
      "undian": 0.047587913706286344,
      "gratis": 0.052701739268580246,
      "promo": 0.013689700398963653,
      "whatsapp": 0.06284846879984889,
      "instagram": 0.052617522988948895,
      "dana": 0.03049336360959405,
      "tiktok": 0.030241830956972162,
      "loker": 0.017864437170870533,
      "pertamina": 0.01127487995646743,
      "penipuan": 0.08620834820944089,
      "akun palsu": 0.00965403162861283,
      "modus": 0.06419028823446968,
      "rekening": 0.02915128149731262,
      "hadiah": 0.0596633689840379,
      "lowongan": 0.04196346269243367,
      "giveaway": 0.009949891584694656,
      "mandiri": 0.019815592438318423,
      "kartu": 0.020026596362274454,
      "pulsa": 0.00580538445883193,
      "bri": 0.023779740828085563,
      "saldo": 0.010195252900498379,
      "bpjs": 0.02145253676724646,
      "rekrutmen": 0.023997402587689544,
      "bumn": 0.014238028614155986,
      "pln": 0.00531369447741757,
      "bca": 0.010214493610762572,
      "gopay": 0.004354136429608389,
      "ovo": 0.004354136429608389,
      "penipu": 0.0062348132102432565,
      "kuota": 0.0057023698999738885,
      "bansos": 0.007886520761701219,
      "blt": 0.004354136429608389,
      "cpns": 0.004783901363667978
    }
  },
  "community_map": {
    "transfer": 0,
    "rekening": 0,
    "bca": 0,
    "bank": 0,
    "bri": 0,
    "facebook": 0,
    "hadiah": 0,
    "mandiri": 0,
    "bni": 0,
    "kartu": 0,
    "promo": 0,
    "undian": 0,
    "saldo": 0,
    "loker": 1,
    "bpjs": 1,
    "pln": 1,
    "lowongan": 1,
    "pertamina": 1,
    "cpns": 1,
    "tiktok": 1,
    "pulsa": 1,
    "bumn": 1,
    "rekrutmen": 1,
    "gratis": 1,
    "whatsapp": 1,
    "modus": 1,
    "instagram": 2,
    "kuota": 2,
    "akun palsu": 2,
    "penipuan": 2,
    "bansos": 2,
    "dana": 2,
    "giveaway": 2,
    "penipu": 2,
    "gopay": 3,
    "ovo": 4,
    "blt": 5
  },
  "stats": {
    "total_documents": 939,
    "documents_with_entities": 578,
    "unique_entities": 37,
    "total_edges": 251,
    "network_density": 0.3768768768768769,
    "num_communities": 6
  }
}