{
  "metrics": {
    "degree_centrality": {
      "prabowo": 0.8108108108108109,
      "cawapres": 0.4594594594594595,
      "debat": 0.2702702702702703,
      "bahlil": 0.08108108108108109,
      "najwa shihab": 0.02702702702702703,
      "gibran": 0.6756756756756757,
      "mahfud": 0.35135135135135137,
      "jokowi": 0.6756756756756757,
      "cak imin": 0.2972972972972973,
      "anies": 0.8378378378378379,
      "koalisi": 0.3783783783783784,
      "sby": 0.10810810810810811,
      "ganjar": 0.5945945945945946,
      "pdip": 0.35135135135135137,
      "demokrat": 0.13513513513513514,
      "nasdem": 0.21621621621621623,
      "pilpres": 0.5675675675675675,
      "kpu": 0.5675675675675675,
      "bawaslu": 0.16216216216216217,
      "pemilu": 0.7567567567567568,
      "kecurangan": 0.32432432432432434,
      "kampanye": 0.2702702702702703,
      "muhaimin iskandar": 0.32432432432432434,
      "capres": 0.40540540540540543,
      "pan": 0.13513513513513514,
      "roy suryo": 0.0,
      "curang": 0.2702702702702703,
      "gerindra": 0.21621621621621623,
      "golkar": 0.24324324324324326,
      "partai": 0.5675675675675675,
      "surat suara": 0.1891891891891892,
      "mk": 0.35135135135135137,
      "pks": 0.16216216216216217,
      "tps": 0.05405405405405406,
      "quick count": 0.05405405405405406,
      "hak angket": 0.21621621621621623,
      "sirekap": 0.02702702702702703,
      "mahkamah konstitusi": 0.13513513513513514
    },
    "betweenness_centrality": {
      "prabowo": 0.14087777114092903,
      "cawapres": 0.0058476766810100144,
      "debat": 0.0002866502866502867,
      "bahlil": 0.0,
      "najwa shihab": 0.0,
      "gibran": 0.034285150951817604,
      "mahfud": 0.0020550853884187216,
      "jokowi": 0.056629236892394776,
      "cak imin": 0.0007161923828590495,
      "anies": 0.1476194909308944,
      "koalisi": 0.008864329697663029,
      "sby": 0.0005482456140350876,
      "ganjar": 0.05974966764440449,
      "pdip": 0.007756635936460498,
      "demokrat": 0.0012780637780637778,
      "nasdem": 0.001001001001001001,
      "pilpres": 0.018526237276237277,
      "kpu": 0.027439741803776892,
      "bawaslu": 0.0,
      "pemilu": 0.11534807477789935,
      "kecurangan": 0.003052018183597131,
      "kampanye": 0.000273000273000273,
      "muhaimin iskandar": 0.000822359155692489,
      "capres": 0.004167912501245835,
      "pan": 0.00040040040040040036,
      "roy suryo": 0.0,
      "curang": 0.0016470417786207258,
      "gerindra": 0.0,
      "golkar": 0.011265886814132427,
      "partai": 0.0363166467333134,
      "surat suara": 0.0,
      "mk": 0.005229986479986481,
      "pks": 0.00018768768768768769,
      "tps": 0.0,
      "quick count": 0.0,
      "hak angket": 0.0,
      "sirekap": 0.0,
      "mahkamah konstitusi": 0.0
    },
    "eigenvector_centrality": {
      "prabowo": 0.28393812061236723,
      "cawapres": 0.20776453013032808,
      "debat": 0.14231154678027255,
      "bahlil": 0.036343329457314284,
      "najwa shihab": 0.01687089827729951,
      "gibran": 0.267119160339637,
      "mahfud": 0.17318580640261705,
      "jokowi": 0.2570773960828384,
      "cak imin": 0.15313437904401236,
      "anies": 0.2854896989010194,
      "koalisi": 0.1673771527947684,
      "sby": 0.047999332195387164,
      "ganjar": 0.21662349516892834,
      "pdip": 0.16733267292764556,
      "demokrat": 0.048641059820360134,
      "nasdem": 0.10507084852129611,
      "pilpres": 0.2415483037676663,
      "kpu": 0.2322792540895442,
      "bawaslu": 0.07893854779999424,
      "pemilu": 0.27567561903278864,
      "kecurangan": 0.1513587679771977,
      "kampanye": 0.14281385986962056,
      "muhaimin iskandar": 0.16450444711541418,
      "capres": 0.1910934799501565,
      "pan": 0.06266263309279252,
      "roy suryo": 5.803505776119517e-14,
      "curang": 0.12821498653947327,
      "gerindra": 0.12151729618890654,
      "golkar": 0.10118958151966419,
      "partai": 0.22653487512042475,
      "surat suara": 0.10304828295426938,
      "mk": 0.1711098265691142,
      "pks": 0.08116839457322225,
      "tps": 0.03334305593977859,
      "quick count": 0.029834339954698058,
      "hak angket": 0.10936957270329317,
      "sirekap": 0.016379952127099036,
      "mahkamah konstitusi": 0.06705524424550545
    },
    "pagerank": {
      "prabowo": 0.1132730676685919,
      "cawapres": 0.027984616360563798,
      "debat": 0.01327235962535524,
      "bahlil": 0.006480851146259986,
      "najwa shihab": 0.004551180165617077,
      "gibran": 0.08188216909785671,
      "mahfud": 0.024065112503677204,
      "jokowi": 0.07086044931805768,
      "cak imin": 0.015763383004329987,
      "anies": 0.08949906451551876,
      "koalisi": 0.0198617320825775,
      "sby": 0.009178785867764477,
      "ganjar": 0.04699609906793632,
      "pdip": 0.021418509985249953,
      "demokrat": 0.010882370227946851,
      "nasdem": 0.012015532478455045,
      "pilpres": 0.04135402960721287,
      "kpu": 0.049356308432457134,
      "bawaslu": 0.009739451116220186,
      "pemilu": 0.07741353283817404,
      "kecurangan": 0.02679386848182031,
      "kampanye": 0.01716537755450665,
      "muhaimin iskandar": 0.015060987899780488,
      "capres": 0.029206911635584594,
      "pan": 0.007453032088058761,
      "roy suryo": 0.004037685060565307,
      "curang": 0.019264660847289332,
      "gerindra": 0.012168640180917227,
      "golkar": 0.013383998811198911,
      "partai": 0.03950672203443614,
      "surat suara": 0.008309875123564812,
      "mk": 0.018083185503297662,
      "pks": 0.008722302627545498,
      "tps": 0.005396794340562157,
      "quick count": 0.005143737956112748,
      "hak angket": 0.012180074820770874,
      "sirekap": 0.004581490111811273,
      "mahkamah konstitusi": 0.00769204981235402
    }
  },
  "community_map": {
    "pdip": 0,
    "partai": 0,
    "mahkamah konstitusi": 0,
    "mk": 0,
    "nasdem": 0,
    "koalisi": 0,
    "pilpres": 0,
    "jokowi": 0,
    "capres": 0,
    "pks": 0,
    "bahlil": 0,
    "kampanye": 0,
    "mahfud": 1,
    "gibran": 1,
    "pemilu": 1,
    "cak imin": 1,
    "tps": 1,
    "sirekap": 1,
    "cawapres": 1,
    "gerindra": 1,
    "surat suara": 1,
    "muhaimin iskandar": 1,
    "debat": 1,
    "kpu": 2,
    "kecurangan": 2,
    "hak angket": 2,
    "prabowo": 2,
    "najwa shihab": 2,
    "bawaslu": 2,
    "curang": 2,
    "demokrat": 3,
    "pan": 3,
    "sby": 3,
    "anies": 3,
    "ganjar": 3,
    "quick count": 3,
    "golkar": 3,
    "roy suryo": 4
  },
  "stats": {
    "total_documents": 1358,
    "documents_with_entities": 814,
    "unique_entities": 38,
    "total_edges": 227,
    "network_density": 0.3229018492176387,
    "num_communities": 5
  }
}